acct_id,dsply_nm,type,acct_stat,acct_rptng_crncy,prior_sar_count,branch_id,open_dt,close_dt,initial_deposit,tx_behavior_id,bank_id,first_name,last_name,street_addr,city,state,country,zip,gender,birth_date,ssn,lon,lat
0,C_0,I,A,USD,true,1,0,1000000,73269.40,,bank_a,Stephanie,Collins,48764 Howard Forge Apt. 421,Vanessaside,VT,US,79393,Female,1994-05-22,871-88-5410,73.479690,60.2738415
1,C_1,I,A,USD,false,1,0,1000000,95402.77,,bank_a,Ronald,Cook,9387 Grimes Green Apt. 801,Pagetown,RI,US,65195,Male,1994-06-10,721-09-3131,124.680009,-30.4868135
2,C_2,I,A,USD,true,1,0,1000000,77640.76,,bank_a,Robert,Fernandez,711 Golden Overpass,West Andreaville,OH,US,44115,Male,2021-07-13,618-71-9628,-25.565183,29.450832
3,C_3,I,A,USD,true,1,0,1000000,68285.86,,bank_a,Steven,Leblanc,9342 Lori Bypass Suite 711,East Sandra,MP,US,11019,Male,1972-06-08,401-91-8595,-32.020057,50.066962
4,C_4,I,A,USD,false,1,0,1000000,86192.99,,bank_a,Lorraine,Bruce,969 Hayes Shore,Christopherville,NM,US,77450,Female,1937-12-02,750-35-1920,-61.641150,9.8741475
5,C_5,I,A,USD,true,1,0,1000000,80325.49,,bank_a,Alison,Woodward,0123 Lisa Roads Apt. 013,South Christopherville,AZ,US,79865,Female,1931-03-09,127-62-3451,-147.205300,-83.884349
6,C_6,I,A,USD,false,1,0,1000000,85092.46,,bank_a,Christina,Howard,1314 Graham Circle,Williamsville,UT,US,51786,Female,1994-08-05,859-73-2776,-70.792574,-74.4170695
7,C_7,I,A,USD,true,1,0,1000000,58290.84,,bank_a,Thomas,Banks,58419 Wade Bridge,Maldonadoshire,VI,US,67164,Male,1954-10-23,674-33-2514,120.969950,-86.6616515
8,C_8,I,A,USD,false,1,0,1000000,83275.77,,bank_a,Scott,Anderson,0842 Kathleen Orchard,Chelseastad,OR,US,83567,Male,1945-09-20,767-54-1323,-179.181691,69.6055285
9,C_9,I,A,USD,true,1,0,1000000,55957.77,,bank_a,Terry,Munoz,33769 Johnson Well Suite 027,West Jacquelinemouth,NC,US,64367,Male,1909-09-25,040-64-5341,-12.465005,35.330430
10,C_10,I,A,USD,false,1,0,1000000,77600.11,,bank_a,Diana,Good,81206 Stewart Forest Apt. 089,East Davidborough,VI,US,40139,Female,1921-05-07,875-51-1333,-168.271786,-16.257066
11,C_11,I,A,USD,true,1,0,1000000,55864.51,,bank_a,Charles,Nelson,559 Meghan Squares Suite 765,East Nicholas,LA,US,01667,Male,1948-11-17,377-92-1536,1.599791,76.574431
12,C_12,I,A,USD,true,1,0,1000000,69359.53,,bank_a,Ashley,Hoffman,29456 Kelly Neck Apt. 042,West Richardmouth,ME,US,54859,Female,1965-07-17,346-44-2037,77.207619,-58.859323
13,C_13,I,A,USD,true,1,0,1000000,77842.93,,bank_a,Justin,Roberts,45229 Drake Route Apt. 113,North Paul,CT,US,52118,Male,2016-06-18,808-75-3560,47.116838,-67.5418185
14,C_14,I,A,USD,true,1,0,1000000,65778.25,,bank_a,Yolanda,Salinas,263 Wilson View Apt. 873,South Raymondborough,SD,US,06019,Female,1982-01-16,108-26-7511,22.954365,7.077560
15,C_15,I,A,USD,false,1,0,1000000,63709.67,,bank_a,Shaun,Daniels,97296 Rich Park,Marthafort,SC,US,88328,Male,2017-10-04,010-44-5215,-7.221577,-80.4790615
16,C_16,I,A,USD,true,1,0,1000000,73974.82,,bank_a,Olivia,West,269 Robbins Valley Suite 118,North Jeffreyton,ME,US,02504,Female,2009-09-15,820-20-7549,19.351908,45.559823
17,C_17,I,A,USD,true,1,0,1000000,84207.90,,bank_a,Roger,Olson,189 Julie Throughway,West Amanda,PA,US,55268,Male,2001-06-27,398-78-9608,-54.602474,-84.501964
18,C_18,I,A,USD,false,1,0,1000000,61522.65,,bank_a,James,Reyes,248 Cook Park,Sherriport,WI,US,53987,Male,1928-09-22,131-31-4704,-0.671881,-75.094574
19,C_19,I,A,USD,true,1,0,1000000,63042.69,,bank_a,Lisa,Soto,6097 Ellis Courts,Osbornetown,AZ,US,78921,Female,1921-12-10,563-84-5680,-75.324336,12.9219315
20,C_20,I,A,USD,false,1,0,1000000,60587.43,,bank_a,Jeremy,Sherman,09795 Tara Station Suite 264,New Michelleborough,AZ,US,51884,Male,1962-07-24,809-81-1235,-156.033598,-79.2677695
21,C_21,I,A,USD,true,1,0,1000000,55503.81,,bank_a,Stephanie,Henderson,993 Clayton Viaduct,Hunterville,FL,US,56333,Female,1919-06-23,108-54-1031,-126.736506,21.444052
22,C_22,I,A,USD,true,1,0,1000000,68572.11,,bank_a,Gregory,Thompson,6607 Sharp Common,Chadstad,UT,US,04351,Male,2006-01-14,237-47-1156,140.291297,-51.5355765
23,C_23,I,A,USD,true,1,0,1000000,57373.48,,bank_a,John,Zimmerman,104 Norris Rapids,Port Donald,NH,US,15232,Male,1939-09-06,029-27-5935,-0.141177,37.069399
24,C_24,I,A,USD,true,1,0,1000000,68466.18,,bank_a,Catherine,Watson,89426 Sonya Unions,West William,IA,US,99441,Female,1986-08-28,882-17-9851,-168.967506,15.7101975
25,C_25,I,A,USD,true,1,0,1000000,84081.83,,bank_a,Anthony,Ortiz,64862 Evans Knoll,East Seanstad,SC,US,69865,Male,1958-02-15,746-42-7231,-70.483556,9.749696
26,C_26,I,A,USD,false,1,0,1000000,63234.62,,bank_a,Charles,Ford,21418 Laura Mission Suite 266,East Susan,MA,US,69097,Male,1983-08-27,495-97-3337,-21.768934,-89.505231
27,C_27,I,A,USD,false,1,0,1000000,89011.64,,bank_a,Kathleen,Woodward,703 Wilson Roads Suite 892,Mccarthyfort,CO,US,89391,Female,1972-10-19,416-36-0355,-115.129021,-17.5013805
28,C_28,I,A,USD,true,1,0,1000000,97364.88,,bank_a,Andrew,Sparks,46896 Garcia Glen,Justinborough,PA,US,11676,Male,1945-03-06,349-16-8687,-46.293888,-46.096104
29,C_29,I,A,USD,true,1,0,1000000,83346.97,,bank_a,Melissa,James,8298 Amanda Loop Suite 447,Ashleyberg,GA,US,16661,Female,1978-04-16,143-72-4899,10.083365,79.6811315
30,C_30,I,A,USD,true,1,0,1000000,62347.80,,bank_a,Veronica,Mcdaniel,77857 Scott Divide Suite 093,West Thomastown,PR,US,69553,Female,1919-03-02,760-86-6474,-176.551436,6.979910
31,C_31,I,A,USD,true,1,0,1000000,62918.16,,bank_a,Javier,Prince,4329 Lee Mews,Moranfurt,GA,US,43845,Male,1960-03-20,459-91-2417,101.407260,-5.155150
32,C_32,I,A,USD,false,1,0,1000000,67381.79,,bank_a,Amber,Price,5667 Blair Underpass,South Shelby,OR,US,93561,Female,1936-11-15,087-24-5958,-149.403469,81.2815855
33,C_33,I,A,USD,false,1,0,1000000,67160.48,,bank_a,Troy,Spears,491 Wise Knoll,Ellishaven,TN,US,85502,Male,2018-01-29,595-59-8032,-43.230948,37.6819875
34,C_34,I,A,USD,true,1,0,1000000,55349.10,,bank_a,Gerald,Garcia,00250 Pena Dam Apt. 639,Grantbury,NH,US,25778,Male,2012-02-19,814-41-5291,107.709743,32.3379515
35,C_35,I,A,USD,true,1,0,1000000,93425.46,,bank_a,Adam,Simpson,4486 Olson Well,North Kevin,OH,US,09982,Male,1960-07-23,829-53-8087,67.235323,28.140754
36,C_36,I,A,USD,true,1,0,1000000,56770.66,,bank_a,Connie,Pittman,12637 Lisa Points,Williamsburgh,IA,US,64728,Female,1942-02-02,361-41-7125,-122.401603,59.5330615
37,C_37,I,A,USD,true,1,0,1000000,54170.20,,bank_a,Bryan,Brewer,19126 Jeffery Street,Lake Amandachester,PR,US,07024,Male,1923-06-11,755-73-5881,-56.754465,56.736886
38,C_38,I,A,USD,false,1,0,1000000,99217.51,,bank_a,Chad,Smith,318 Leonard Fort,Courtneyport,OR,US,22964,Male,1968-04-15,376-75-0415,-110.301885,16.1879275
39,C_39,I,A,USD,false,1,0,1000000,66698.91,,bank_a,Peter,Gomez,123 Hudson Square,East Jessica,GU,US,31131,Male,1978-04-15,645-64-1770,150.721485,-83.0167975
40,C_40,I,A,USD,true,1,0,1000000,55742.01,,bank_a,Samantha,Floyd,7403 Donna Park Suite 851,Derrickfurt,VT,US,25544,Female,1954-04-13,061-27-0628,-10.801206,-22.996103
41,C_41,I,A,USD,true,1,0,1000000,91424.71,,bank_a,Alexandria,Dougherty,345 Kevin Knolls Apt. 250,Burtontown,IA,US,06394,Female,1947-08-15,841-08-5652,176.469204,23.4550235
42,C_42,I,A,USD,true,1,0,1000000,57095.29,,bank_a,Kimberly,Ballard,6254 Debra Stream,Reyeschester,MH,US,35070,Female,2023-06-25,722-60-0688,123.186285,-57.091031
43,C_43,I,A,USD,true,1,0,1000000,52131.38,,bank_a,Ashley,Fuller,08298 Christopher Freeway Apt. 302,Lake Christian,VI,US,78866,Female,1992-02-06,630-78-0657,-44.454654,1.335247
44,C_44,I,A,USD,true,1,0,1000000,74544.28,,bank_a,Joseph,Roberts,07154 Stephen Parkways Suite 265,Lindafurt,AL,US,41233,Male,1964-02-14,036-99-8713,126.284477,58.2019905
45,C_45,I,A,USD,true,1,0,1000000,99761.86,,bank_a,Whitney,Gill,6165 Williams Groves,West Erinshire,UT,US,38482,Female,1998-03-10,529-44-6326,-45.442017,-33.905114
46,C_46,I,A,USD,false,1,0,1000000,56650.79,,bank_a,Frank,Patton,98522 Mathis Viaduct Apt. 909,West Michael,SC,US,38960,Male,1979-05-30,175-01-2307,125.266283,-78.295844
47,C_47,I,A,USD,true,1,0,1000000,94994.32,,bank_a,Robert,Jacobs,74931 Ramirez Village Apt. 821,New Daniel,NY,US,83355,Male,1997-04-12,273-40-4669,-172.679702,25.0792575
48,C_48,I,A,USD,true,1,0,1000000,72055.90,,bank_a,James,Marshall,8885 Lee Tunnel Suite 208,Port Donna,WY,US,74331,Male,1913-12-11,422-82-3741,-171.575400,7.233342
49,C_49,I,A,USD,true,1,0,1000000,71407.07,,bank_a,Angela,West,357 Jessica Gateway,West Jacob,WV,US,55548,Female,1996-01-14,461-66-1646,-78.918258,-45.846127
50,C_50,I,A,USD,true,1,0,1000000,78287.25,,bank_a,Christina,Sanders,6446 Lynch Course,Anthonytown,WV,US,33342,Female,1960-04-04,651-81-6378,-159.374903,66.414446
51,C_51,I,A,USD,true,1,0,1000000,78710.04,,bank_a,Isaac,Jones,450 Wells Pike,North Christopher,VI,US,46039,Male,1992-12-06,688-70-7719,-156.850040,-5.5683955
52,C_52,I,A,USD,true,1,0,1000000,98900.17,,bank_a,Robin,Miller,22708 Madison Spurs,Herringstad,AS,US,77293,Female,1929-12-17,272-26-4276,-3.939541,-21.8490785
53,C_53,I,A,USD,true,1,0,1000000,71498.31,,bank_a,Felicia,Rios,78209 Darlene Bypass Suite 137,Port Stephen,GA,US,93500,Female,1964-12-31,570-08-8904,-135.752957,48.9611645
54,C_54,I,A,USD,true,1,0,1000000,64766.72,,bank_a,Timothy,White,69597 Bass Passage,Vanessaville,DC,US,42036,Male,1924-03-28,346-78-3168,-156.302783,21.0883325
55,C_55,I,A,USD,true,1,0,1000000,63615.63,,bank_a,Andre,Lang,0925 Ricky Mill Suite 994,Annamouth,MT,US,24181,Male,1931-10-29,397-09-5860,-128.296526,-56.8842915
56,C_56,I,A,USD,true,1,0,1000000,95050.00,,bank_a,Kelli,Copeland,69057 Alvarez Walks,New Michelleview,AK,US,85435,Female,1919-01-07,368-13-7724,-162.246916,-48.5879665
57,C_57,I,A,USD,true,1,0,1000000,57691.00,,bank_a,Erin,Burch,395 Timothy Road,Williamsbury,SC,US,37407,Female,1950-07-27,168-54-7585,15.037922,61.768246
58,C_58,I,A,USD,true,1,0,1000000,51573.73,,bank_a,Brittany,Hernandez,90622 Anthony Islands,North Brandonville,OK,US,80648,Female,2001-01-01,807-04-6861,54.217435,62.4831025
59,C_59,I,A,USD,true,1,0,1000000,71569.65,,bank_a,Alex,Carr,66376 Sabrina Garden Suite 691,Whitneyhaven,MN,US,71586,Male,1964-10-10,243-36-0661,148.010174,-3.679148
60,C_60,I,A,USD,true,1,0,1000000,50073.70,,bank_a,John,Moore,180 Jennifer Burg Suite 661,Munozburgh,GA,US,45130,Male,2016-04-06,886-37-8251,-119.593624,8.860074
61,C_61,I,A,USD,false,1,0,1000000,89545.20,,bank_a,Nicholas,Reed,8034 Jennifer Islands Suite 604,Johnsonchester,KY,US,49674,Male,1925-01-21,628-46-2716,-163.235767,25.582253
62,C_62,I,A,USD,true,1,0,1000000,56556.01,,bank_a,Melinda,Lang,16882 Eric Expressway Apt. 082,Kellyport,VT,US,44432,Female,2015-10-07,859-53-4289,-95.002763,1.932063
63,C_63,I,A,USD,true,1,0,1000000,86443.90,,bank_a,Michael,Moore,268 Young Lane Suite 678,Tamichester,GU,US,13308,Male,1910-04-19,610-82-8473,-122.654707,83.7732945
64,C_64,I,A,USD,true,1,0,1000000,60371.99,,bank_a,Melissa,Estrada,9261 Alex Lake,Floresmouth,MN,US,77080,Female,2003-12-06,235-21-9202,116.154583,-69.079963
65,C_65,I,A,USD,false,1,0,1000000,84912.86,,bank_a,Christopher,Alexander,28693 Erickson Lodge,Andrewberg,PW,US,51385,Male,1915-12-14,385-12-9638,37.533795,-0.2008135
66,C_66,I,A,USD,true,1,0,1000000,82212.20,,bank_a,Tonya,Mendoza,79148 Pierce Lock Suite 423,Erikberg,NH,US,09524,Female,1975-05-25,420-72-1512,-37.446505,39.464255
67,C_67,I,A,USD,true,1,0,1000000,62852.13,,bank_a,Melissa,Guzman,2512 Mackenzie Dam,North Antonio,MO,US,73675,Female,1992-07-25,110-61-9168,6.444823,2.0855595
68,C_68,I,A,USD,true,1,0,1000000,81411.95,,bank_a,Courtney,Richardson,37443 Tyler Pass,Christopherport,OK,US,55851,Female,1953-12-10,777-19-3796,-25.433396,-36.497695
69,C_69,I,A,USD,true,1,0,1000000,78183.56,,bank_a,Jessica,Howard,546 Mariah Crest Suite 587,Lake Jenna,SC,US,47523,Female,1956-03-24,785-92-4639,-123.473597,38.7758685
70,C_70,I,A,USD,false,1,0,1000000,98273.05,,bank_a,Robert,Reynolds,8799 Emma Parkway Suite 735,North Thomasfurt,MH,US,30303,Male,1915-05-15,790-06-6661,-129.814276,-19.2772805
71,C_71,I,A,USD,false,1,0,1000000,67903.96,,bank_a,Kelly,Howell,12503 Alan Place Apt. 219,North Joyce,ID,US,00696,Female,1957-11-21,550-23-3839,-58.157297,21.514800
72,C_72,I,A,USD,false,1,0,1000000,55899.19,,bank_a,Linda,Davis,3609 Johnson Key,Margaretmouth,SD,US,18114,Female,2019-05-15,732-14-4471,-167.044369,-51.909753
73,C_73,I,A,USD,true,1,0,1000000,60872.45,,bank_a,John,Gibson,3953 Romero Crest,Lake Rhondaville,NY,US,59180,Male,1949-02-22,427-33-6181,-137.828846,61.661454
74,C_74,I,A,USD,false,1,0,1000000,97761.98,,bank_a,Daisy,Woods,3576 Sergio Avenue,Benjaminmouth,IN,US,56794,Female,1926-01-30,452-37-5898,170.734311,40.509401
75,C_75,I,A,USD,false,1,0,1000000,53689.89,,bank_a,Jeanette,Lopez,134 Sophia Drives,Benjaminburgh,WI,US,61921,Female,1967-04-11,172-51-0773,1.979785,49.8312565
76,C_76,I,A,USD,true,1,0,1000000,71387.29,,bank_a,Ryan,Peters,88996 Cynthia River Suite 939,Johnsonfort,MH,US,79664,Male,1932-07-04,045-08-2199,-49.621046,28.975768
77,C_77,I,A,USD,true,1,0,1000000,64434.64,,bank_a,Ryan,Robbins,186 Mcclure Junction,Jenningsburgh,MN,US,73556,Male,1955-01-23,680-41-7678,-143.856122,-50.651445
78,C_78,I,A,USD,true,1,0,1000000,55836.63,,bank_a,Joshua,Schultz,67835 Andrew Fords,Port Robertshire,VI,US,54423,Male,2021-03-02,685-18-8698,165.191225,41.455235
79,C_79,I,A,USD,false,1,0,1000000,66840.21,,bank_a,Holly,Owens,97036 Collins Summit,Port Lindseytown,OR,US,67694,Female,1922-07-05,458-36-3597,25.469825,13.0956685
80,C_80,I,A,USD,true,1,0,1000000,90749.68,,bank_a,Lisa,Walls,94102 Sims Port Suite 187,Florestown,DE,US,57418,Female,1925-03-22,146-04-1949,50.731337,-23.460180
81,C_81,I,A,USD,true,1,0,1000000,86538.05,,bank_a,Sabrina,Walsh,6154 Jensen Route Apt. 880,Zacharytown,GA,US,65441,Female,1939-08-22,141-45-1628,149.346539,60.6568055
82,C_82,I,A,USD,true,1,0,1000000,62954.71,,bank_a,Daniel,Thompson,9181 Todd Pike,West Colin,MP,US,93220,Male,1986-09-04,236-52-3300,146.836804,27.8389595
83,C_83,I,A,USD,false,1,0,1000000,54338.97,,bank_a,Rachael,Morris,583 Steven Island Apt. 480,Lake Loriport,VI,US,93087,Female,1919-07-16,015-38-1879,-90.620345,-16.0982425
84,C_84,I,A,USD,true,1,0,1000000,53995.79,,bank_a,Danielle,Beasley,2436 Johnson Village Apt. 415,Tiffanyport,AR,US,93360,Female,1969-08-27,266-77-0919,28.635592,22.365985
85,C_85,I,A,USD,true,1,0,1000000,84029.37,,bank_a,Cynthia,Parker,5877 Rodney Extension,East Jasminfort,MS,US,04512,Female,2005-05-13,132-57-0249,14.440567,51.0585465
86,C_86,I,A,USD,true,1,0,1000000,54768.14,,bank_a,Dale,Hernandez,4466 Terry Centers,Lake Olivia,NC,US,47333,Male,2002-05-27,808-19-3053,116.179863,-22.7838955
87,C_87,I,A,USD,false,1,0,1000000,84893.70,,bank_a,Rachel,Boone,62382 Julie Pine,Laurentown,VA,US,60909,Female,1916-12-17,172-49-8283,28.254082,-32.960278
88,C_88,I,A,USD,true,1,0,1000000,81450.17,,bank_a,Steven,Moore,21801 Suzanne Gardens Suite 746,Dorothyview,VA,US,10545,Male,1937-11-16,215-06-0880,94.488964,-72.005489
89,C_89,I,A,USD,false,1,0,1000000,75928.01,,bank_a,Melissa,Anderson,2984 Carmen Keys,Michaelport,NY,US,84604,Female,1965-05-05,752-26-9971,33.087673,1.1008665
90,C_90,I,A,USD,false,1,0,1000000,85401.38,,bank_a,Brenda,Harper,74559 Foster Locks Suite 933,Robinsonhaven,GA,US,67302,Female,1997-06-28,545-65-7797,3.456930,-20.4821415
91,C_91,I,A,USD,true,1,0,1000000,77644.27,,bank_a,Teresa,Lopez,803 Ellis Cliff Apt. 391,Tiffanytown,GU,US,28888,Female,1929-11-11,678-47-9985,-36.293468,-87.5812155
92,C_92,I,A,USD,true,1,0,1000000,83162.27,,bank_a,Michael,Tate,92436 Rodgers Walks,Christopherchester,WY,US,15618,Male,1911-05-20,545-35-5781,-68.000766,13.0663305
93,C_93,I,A,USD,true,1,0,1000000,72135.12,,bank_a,Andre,Holland,72998 Willis Wall,North Brian,MH,US,79731,Male,2017-09-14,515-11-6871,-13.403876,-0.9484285
94,C_94,I,A,USD,false,1,0,1000000,58805.30,,bank_a,Derrick,Brewer,052 Werner Shoals,Toddfort,PA,US,43831,Male,1962-12-06,773-21-1765,95.108803,-20.4902305
95,C_95,I,A,USD,false,1,0,1000000,91338.85,,bank_a,Dennis,Glover,762 Miranda Spur Apt. 912,Phillipsville,TX,US,56307,Male,1983-06-03,522-69-1225,-175.663712,-79.0215505
96,C_96,I,A,USD,true,1,0,1000000,53498.11,,bank_a,Anthony,Casey,66705 Christopher Lock,North Jason,PW,US,04119,Male,1925-02-04,749-91-4870,38.342939,18.641486
97,C_97,I,A,USD,true,1,0,1000000,84122.34,,bank_a,Debra,Lewis,782 Dawn Radial,Port Christopher,NJ,US,38224,Female,1989-02-22,886-82-0845,101.035447,-71.1655905
98,C_98,I,A,USD,true,1,0,1000000,70764.71,,bank_a,Karina,Nichols,28215 Joy Islands Apt. 591,West Jamiemouth,MA,US,89930,Female,1919-07-07,324-57-6287,36.522403,55.548157
99,C_99,I,A,USD,true,1,0,1000000,50341.14,,bank_a,Mary,Warren,132 Poole Pass Suite 212,North Patrick,OK,US,15689,Female,1975-04-20,361-86-7815,35.889428,68.7728315
100,C_100,I,A,USD,false,1,0,1000000,66828.95,,bank_b,Jeffrey,Montgomery,538 Jessica Tunnel Suite 580,New Chase,DE,US,48734,Male,1973-01-12,532-65-1830,-158.385962,62.9827075
101,C_101,I,A,USD,false,1,0,1000000,86317.50,,bank_b,Sandra,Dominguez,54776 Lisa Trail Apt. 752,Port Joannehaven,TN,US,22113,Female,1989-03-07,595-62-3491,-165.346050,31.9336895
102,C_102,I,A,USD,false,1,0,1000000,91712.45,,bank_b,Briana,Wolf,3564 Jason Garden Suite 739,Claireberg,MD,US,32426,Female,1973-07-28,550-91-9773,-118.399297,29.961665
103,C_103,I,A,USD,false,1,0,1000000,68090.45,,bank_b,Sarah,Stewart,593 Amber Fords,Peterhaven,ID,US,46893,Female,1912-02-18,197-26-9895,-92.192275,59.577272
104,C_104,I,A,USD,false,1,0,1000000,52213.64,,bank_b,Kristin,Parker,476 Allison Summit Suite 010,Tonyaview,RI,US,94899,Female,2014-01-08,874-62-6144,-61.682888,-65.929708
105,C_105,I,A,USD,false,1,0,1000000,60570.36,,bank_b,Samantha,Blair,098 Sosa Viaduct,New Jimmyton,WY,US,13015,Female,1920-05-03,603-51-2104,129.113106,74.045342
106,C_106,I,A,USD,false,1,0,1000000,50580.80,,bank_b,Nicholas,Nelson,4229 Derrick Wells,West Tyler,ME,US,19541,Male,1918-10-29,864-85-6668,-82.291058,-36.614922
107,C_107,I,A,USD,false,1,0,1000000,76780.59,,bank_b,Rodney,Yang,8724 Rachel Squares,Latoyabury,AL,US,19300,Male,1988-01-30,429-17-2384,80.364516,54.5661785
108,C_108,I,A,USD,false,1,0,1000000,96777.79,,bank_b,Juan,Jones,27573 Leonard Field Apt. 574,Amandaport,IL,US,37953,Male,1953-04-17,605-84-1560,97.512852,-52.8272275
109,C_109,I,A,USD,false,1,0,1000000,86064.44,,bank_b,Patricia,Marquez,64832 Joseph Islands Suite 805,Fitzgeraldfurt,OH,US,16998,Female,1975-10-04,672-05-5004,151.088391,29.097534
110,C_110,I,A,USD,false,1,0,1000000,81362.37,,bank_b,Andrea,Poole,73611 Martinez Spring Suite 203,East Cody,MS,US,53780,Female,1934-05-23,204-28-8058,-131.221382,-38.604016
111,C_111,I,A,USD,false,1,0,1000000,72055.19,,bank_b,Briana,Chavez,479 Michael Trafficway Apt. 037,New Evelyn,GU,US,01420,Female,1920-04-30,283-84-4752,30.551570,-1.672805
112,C_112,I,A,USD,false,1,0,1000000,61830.02,,bank_b,Joseph,Schultz,191 Wood Road Apt. 326,Port Andrew,LA,US,19372,Male,1995-06-23,150-15-8322,-7.413173,-4.048540
113,C_113,I,A,USD,false,1,0,1000000,50288.33,,bank_b,Dwayne,Stanley,3348 Curtis Street,Fosterberg,NV,US,10607,Male,1970-10-29,851-78-8017,7.863564,-48.2996555
114,C_114,I,A,USD,false,1,0,1000000,60743.99,,bank_b,Ashlee,Sanchez,3122 Moon Plain Suite 204,Berrystad,SD,US,13414,Female,1914-09-07,882-91-9656,-133.685782,34.997729
115,C_115,I,A,USD,false,1,0,1000000,57885.75,,bank_b,Sharon,Mata,862 Colleen Springs Apt. 730,East Jasmine,TX,US,19409,Female,2008-02-14,831-76-2906,-143.539004,-61.651620
116,C_116,I,A,USD,false,1,0,1000000,69612.94,,bank_b,William,Delgado,794 Braun Station Apt. 270,Marvinchester,MS,US,03407,Male,1934-05-09,092-76-2360,-46.932696,50.3621135
117,C_117,I,A,USD,false,1,0,1000000,69773.00,,bank_b,Dennis,Hampton,46988 Jennifer Stravenue Suite 341,Banksview,IA,US,85341,Male,1919-07-21,149-58-0431,27.402724,82.6905475
118,C_118,I,A,USD,false,1,0,1000000,99058.95,,bank_b,Jennifer,Franklin,967 Ethan Avenue Suite 164,South Nicole,KS,US,68053,Female,1940-10-30,895-23-0255,-68.465816,0.9696535
119,C_119,I,A,USD,false,1,0,1000000,55733.23,,bank_b,Danielle,Juarez,064 Howell Fields,Robertberg,SD,US,16744,Female,2015-07-14,453-23-5801,49.613044,27.1346615
120,C_120,I,A,USD,false,1,0,1000000,83323.07,,bank_b,Michael,Phillips,87210 Pena Freeway,Walshville,MT,US,08009,Male,1929-06-30,286-68-2039,119.521613,89.525953
121,C_121,I,A,USD,false,1,0,1000000,62188.24,,bank_b,Alexis,Smith,01557 John Skyway,Greenburgh,NV,US,52972,Female,1947-12-19,213-40-8926,-118.239414,44.4916505
122,C_122,I,A,USD,false,1,0,1000000,54828.80,,bank_b,Christopher,Bush,89403 Gabriella Mills,East Steven,MH,US,91501,Male,1975-12-16,575-49-0268,-114.125248,-63.0371665
123,C_123,I,A,USD,false,1,0,1000000,70303.42,,bank_b,Lori,Hines,46379 Lopez Route Apt. 969,West Michael,MD,US,62485,Female,1963-12-18,763-92-4150,4.998636,-16.766702
124,C_124,I,A,USD,false,1,0,1000000,79421.78,,bank_b,Tiffany,Guzman,75057 Lowe Brooks,South Jessicaburgh,ID,US,51445,Female,1973-09-22,034-63-6783,70.716241,28.3427745
125,C_125,I,A,USD,false,1,0,1000000,61165.14,,bank_b,Alexander,Woods,317 Donna Stravenue,Austinborough,CO,US,56609,Male,1995-12-30,757-01-3239,151.066814,-10.767189
126,C_126,I,A,USD,false,1,0,1000000,72706.08,,bank_b,Jessica,Roberts,8410 Michael Row Suite 634,Bonillaside,AL,US,82801,Female,1965-12-31,409-87-7071,32.002723,67.355012
127,C_127,I,A,USD,false,1,0,1000000,75529.12,,bank_b,Gerald,White,8546 Michael Manors Suite 741,West Jerry,AK,US,82408,Male,2013-01-27,899-09-1632,-84.882605,72.120151
128,C_128,I,A,USD,false,1,0,1000000,82005.50,,bank_b,Kara,Quinn,86624 Alexander Place,East Timothyville,TN,US,15799,Female,1994-11-02,313-39-6410,-162.655577,67.2961805
129,C_129,I,A,USD,false,1,0,1000000,99300.02,,bank_b,Edward,Brown,1043 Schultz Plaza Apt. 616,North Lauraland,MN,US,01427,Male,1913-07-26,045-20-9732,-89.139548,36.0927155
130,C_130,I,A,USD,false,1,0,1000000,69064.94,,bank_b,Shannon,Benitez,82111 James Courts,Reynoldsville,NJ,US,94561,Female,1994-01-27,173-70-1670,-105.806224,9.995255
131,C_131,I,A,USD,false,1,0,1000000,94904.34,,bank_b,Susan,Allen,218 Jessica Plaza Apt. 165,Annashire,ND,US,51932,Female,1990-03-03,157-78-6638,15.608887,-13.865184
132,C_132,I,A,USD,false,1,0,1000000,60456.39,,bank_b,Shelby,Jackson,221 Navarro Shores,West Tammy,GU,US,18700,Female,1985-11-19,833-96-5301,-72.569170,79.8648605
133,C_133,I,A,USD,false,1,0,1000000,79311.00,,bank_b,Amanda,Todd,45319 Michael Locks Apt. 468,Anthonymouth,IN,US,52153,Female,1972-01-11,798-21-4292,-154.941637,-18.1414305
134,C_134,I,A,USD,false,1,0,1000000,81840.79,,bank_b,Angela,Mitchell,604 Diana Viaduct Apt. 458,East Tylershire,RI,US,78265,Female,1990-03-16,044-34-0086,-163.870176,72.883296
135,C_135,I,A,USD,false,1,0,1000000,90000.17,,bank_b,Kevin,Nixon,3983 Dawn Terrace,South Nancy,TN,US,59436,Male,2021-07-05,355-47-1918,-171.034924,22.4182105
136,C_136,I,A,USD,false,1,0,1000000,58887.56,,bank_b,Meredith,Moore,69039 Gutierrez Lock Apt. 266,Wilcoxborough,KS,US,08780,Female,1975-09-05,309-96-3025,-126.986506,-48.6012055
137,C_137,I,A,USD,false,1,0,1000000,72601.44,,bank_b,Allison,Pineda,8658 Henry Crest Suite 954,Jenniferfurt,PA,US,67852,Female,1969-04-27,515-26-6913,-33.835458,86.1289735
138,C_138,I,A,USD,false,1,0,1000000,76523.39,,bank_b,Kelly,Peters,68140 Trevor Valleys,Vaughanstad,OH,US,62334,Female,1994-10-05,487-75-3032,135.218899,-83.2917985
139,C_139,I,A,USD,false,1,0,1000000,64205.50,,bank_b,Vickie,Burns,6131 Kristina Motorway,South Leslie,NV,US,91571,Female,2020-08-01,259-63-5590,101.831881,-29.850615
140,C_140,I,A,USD,false,1,0,1000000,96959.26,,bank_b,Kenneth,Williams,468 Kristopher Curve Apt. 215,North Anthony,NJ,US,10721,Male,1982-09-04,577-18-9227,-41.331707,-68.269974
141,C_141,I,A,USD,false,1,0,1000000,96932.45,,bank_b,Patricia,Sandoval,5051 Claudia Creek,Dianeshire,MN,US,24158,Female,1964-10-31,415-82-3506,-130.968264,22.141923
142,C_142,I,A,USD,false,1,0,1000000,57400.38,,bank_b,Greg,Martin,7626 Kathleen Road Apt. 412,Morrisport,AS,US,59466,Male,2022-11-29,722-44-3590,86.943343,-48.5673255
143,C_143,I,A,USD,false,1,0,1000000,75972.21,,bank_b,Matthew,Fowler,521 Martin Knolls Apt. 165,Kyletown,ID,US,86792,Male,1929-06-02,572-21-7787,-50.754665,-68.6971695
144,C_144,I,A,USD,false,1,0,1000000,65424.60,,bank_b,Stephanie,Campbell,106 Peter Oval Apt. 201,Lake David,MO,US,80128,Female,1976-08-16,103-28-4951,36.337906,-43.802461
145,C_145,I,A,USD,false,1,0,1000000,76094.96,,bank_b,Brenda,Thompson,2642 Mallory Corner Apt. 857,West Zacharyport,NH,US,07875,Female,1935-12-19,237-09-2059,56.209585,26.556707
146,C_146,I,A,USD,false,1,0,1000000,61297.05,,bank_b,Victoria,Humphrey,52339 Keller Wall,Brittanyfort,MH,US,66601,Female,1999-06-23,019-80-2953,-34.192190,-37.4644295
147,C_147,I,A,USD,false,1,0,1000000,76305.81,,bank_b,Darrell,Rivera,7210 Moreno Pines,Bergmouth,PA,US,44788,Male,1967-01-28,533-93-0427,78.683960,-52.4713085
148,C_148,I,A,USD,false,1,0,1000000,64762.70,,bank_b,Tina,Downs,10543 Emma Trace,Lake Gregory,WY,US,47666,Female,2020-02-08,635-87-6032,44.801310,-33.681746
149,C_149,I,A,USD,false,1,0,1000000,53656.31,,bank_b,Beverly,Pruitt,390 Rojas Mall,Port James,OR,US,83879,Female,2001-02-08,769-36-4831,62.882839,1.8722875
150,C_150,I,A,USD,false,1,0,1000000,53408.35,,bank_b,Nancy,Gates,4847 Morales Isle Suite 403,Mullinsfurt,NE,US,97407,Female,2003-12-27,133-23-7821,-77.800590,-44.1478675
151,C_151,I,A,USD,false,1,0,1000000,90122.66,,bank_b,Sarah,Brown,48829 Doris Crossing,Gileschester,HI,US,15735,Female,1914-02-28,755-12-1548,137.441368,-53.132538
152,C_152,I,A,USD,false,1,0,1000000,87020.57,,bank_b,Courtney,Harper,551 Nicholas Crossroad,Ashleyhaven,IL,US,80092,Female,1961-03-25,294-13-2300,44.610040,-64.3514215
153,C_153,I,A,USD,false,1,0,1000000,88500.35,,bank_b,Brett,Davis,224 Sparks Islands,South Valerie,MA,US,72097,Male,1911-01-24,194-44-7131,-46.733159,-1.175941
154,C_154,I,A,USD,false,1,0,1000000,51017.35,,bank_b,George,Manning,5218 Acevedo Avenue,Port Donald,OH,US,74865,Male,2007-09-14,710-09-6383,-34.086624,35.686320
155,C_155,I,A,USD,false,1,0,1000000,51151.27,,bank_b,Trevor,Aguirre,71245 Lawson Overpass Suite 095,South Lindsey,ME,US,23884,Male,1927-11-26,432-97-8388,63.106767,53.398295
156,C_156,I,A,USD,false,1,0,1000000,81074.84,,bank_b,Wesley,Pena,5285 Lisa Course,North James,MH,US,94559,Male,1931-12-09,813-49-5404,-38.099381,5.306789
157,C_157,I,A,USD,false,1,0,1000000,52909.86,,bank_b,Hannah,Owen,047 Barr Fork Suite 089,Rittermouth,IL,US,74257,Female,1930-04-07,734-36-3272,-116.232061,4.6229545
158,C_158,I,A,USD,false,1,0,1000000,75410.15,,bank_b,Billy,Hudson,4926 Elizabeth View,Port Jacobfurt,MT,US,10767,Male,1971-11-13,222-42-7418,119.516393,73.151504
159,C_159,I,A,USD,false,1,0,1000000,74002.66,,bank_b,Christopher,Fischer,99907 Lewis Circle,Joneston,PA,US,25156,Male,1932-11-04,298-74-9305,-132.946863,-49.642468
160,C_160,I,A,USD,false,1,0,1000000,50669.45,,bank_b,Samantha,Evans,548 Beverly Bridge,Gomezmouth,KY,US,45848,Female,1927-01-08,040-93-0238,164.623848,70.250032
161,C_161,I,A,USD,false,1,0,1000000,67221.91,,bank_b,Christopher,James,100 David Lights Apt. 381,Port Blakefurt,GU,US,37592,Male,1987-07-01,646-54-8500,-72.093753,47.945264
162,C_162,I,A,USD,false,1,0,1000000,64817.04,,bank_b,Christy,Gonzalez,067 Mary Flats,Stephenburgh,OK,US,26348,Female,1943-10-17,332-43-4994,-102.752930,-41.5478395
163,C_163,I,A,USD,false,1,0,1000000,90836.92,,bank_b,Mason,Warren,0619 Martin Light Apt. 662,Stephensonstad,PW,US,06531,Male,1934-10-06,410-63-3675,126.964729,-68.9972545
164,C_164,I,A,USD,false,1,0,1000000,74570.97,,bank_b,Cindy,Wallace,40512 Amy Glens,Port Kristinaberg,AZ,US,68013,Female,1980-11-06,799-54-0983,-46.225111,68.2010245
165,C_165,I,A,USD,false,1,0,1000000,88935.96,,bank_b,Chelsea,Gray,147 Guerra Centers Suite 154,West Jesse,MP,US,26618,Female,1971-10-12,258-86-2768,5.939706,14.870638
166,C_166,I,A,USD,false,1,0,1000000,90089.42,,bank_b,Heather,Hernandez,614 William Street,North Vincentchester,TX,US,72964,Female,1923-11-14,750-95-4829,-86.600905,40.470014
167,C_167,I,A,USD,false,1,0,1000000,65450.43,,bank_b,Christopher,Hines,217 Tate Island Suite 724,South Hannahland,NH,US,78285,Male,2010-07-09,237-38-1758,48.349068,78.2947295
168,C_168,I,A,USD,false,1,0,1000000,78160.19,,bank_b,Paula,Velazquez,533 Denise Coves Apt. 892,Michaelhaven,IA,US,57134,Female,1979-03-12,192-44-2972,173.426668,-84.157794
169,C_169,I,A,USD,false,1,0,1000000,70288.71,,bank_b,Tammy,Snyder,593 Jessica Points,Lake Franceshaven,RI,US,91999,Female,1948-08-08,632-12-3421,-157.811677,80.158981
170,C_170,I,A,USD,false,1,0,1000000,82484.09,,bank_b,Theodore,Robbins,4547 Matthew Islands,Port Michael,MN,US,47480,Male,1933-01-30,404-81-9520,109.075542,-7.2679135
171,C_171,I,A,USD,false,1,0,1000000,55683.66,,bank_b,Tracey,Molina,150 Thomas Village,North Diana,OH,US,38751,Female,1951-08-28,579-11-3654,178.461802,26.215396
172,C_172,I,A,USD,false,1,0,1000000,84045.58,,bank_b,Sean,Crawford,17463 Jessica Mission Apt. 202,North Mitchellton,TN,US,29917,Male,1945-12-06,810-48-8789,-11.689606,85.6902085
173,C_173,I,A,USD,false,1,0,1000000,61873.31,,bank_b,Joanna,Smith,803 Joyce Fort Apt. 210,New Marychester,NH,US,85752,Female,1981-03-25,652-68-5223,100.314543,-33.4318405
174,C_174,I,A,USD,false,1,0,1000000,57926.75,,bank_b,William,Mccarty,469 Stephen Port Apt. 648,Joannmouth,OK,US,92863,Male,1969-04-27,464-58-1692,135.231417,-6.504621
175,C_175,I,A,USD,false,1,0,1000000,69574.14,,bank_b,Laura,Contreras,650 Maureen Stravenue,Marissaville,OH,US,26243,Female,2018-05-30,019-03-5082,68.352761,-60.4264715
176,C_176,I,A,USD,false,1,0,1000000,87422.35,,bank_b,Adrian,Trevino,3484 Gonzalez Summit,Morrisonfort,ME,US,43883,Male,1999-09-20,616-38-1749,3.460850,-65.526899
177,C_177,I,A,USD,false,1,0,1000000,86129.52,,bank_b,Ian,Atkins,5493 Andrea Motorway Suite 471,Lake Wendyside,AR,US,33397,Male,1951-06-26,394-86-5591,-86.572673,-13.5680805
178,C_178,I,A,USD,false,1,0,1000000,56944.77,,bank_b,Robert,Guerra,845 Chang Road,Charlesstad,MP,US,03097,Male,1929-11-20,631-38-4333,83.669881,-89.509393
179,C_179,I,A,USD,false,1,0,1000000,58225.58,,bank_b,Christy,Thompson,3106 Conner Rue,West Anthonytown,NH,US,33274,Female,1921-08-22,787-95-6558,121.704290,-75.034518
180,C_180,I,A,USD,false,1,0,1000000,98094.18,,bank_b,Anthony,Meyer,04689 Pham Isle,Silvaview,MA,US,30834,Male,1961-01-08,725-03-6269,-8.902922,-78.5548495
181,C_181,I,A,USD,false,1,0,1000000,65046.75,,bank_b,Kimberly,Hamilton,183 Lori Plain,Edwardbury,OK,US,65046,Female,1961-07-18,177-05-5910,-21.343194,1.703951
182,C_182,I,A,USD,false,1,0,1000000,92720.19,,bank_b,Angela,Hernandez,0012 Kline Expressway,North Lauraburgh,OR,US,20807,Female,1931-05-20,399-03-6050,-25.266772,2.417380
183,C_183,I,A,USD,false,1,0,1000000,75549.42,,bank_b,Travis,Andrews,90555 Valerie Springs,Michaelchester,ID,US,47804,Male,2002-07-04,218-68-3040,142.277363,-53.7800595
184,C_184,I,A,USD,false,1,0,1000000,74795.02,,bank_b,Debbie,Gibbs,254 Baker Ferry,Barnesville,MD,US,20124,Female,1948-09-20,790-11-6131,20.694992,-18.0394435
185,C_185,I,A,USD,false,1,0,1000000,68114.88,,bank_b,Sarah,Ferrell,63329 Riddle Meadow Apt. 052,South Robertshire,AS,US,12916,Female,1943-04-19,707-26-7060,-178.348316,74.6382765
186,C_186,I,A,USD,false,1,0,1000000,74989.20,,bank_b,Calvin,Smith,9666 Kyle Expressway Suite 189,Moorefurt,IN,US,94619,Male,2014-09-04,808-99-5139,77.627585,3.448980
187,C_187,I,A,USD,false,1,0,1000000,54290.26,,bank_b,Daniel,Flynn,9072 Clark Bridge,Cindybury,PW,US,01377,Male,1954-08-12,881-33-9458,117.280285,-36.4360955
188,C_188,I,A,USD,false,1,0,1000000,83338.77,,bank_b,Michelle,George,757 Anthony Rapid Suite 654,West Susan,KS,US,52560,Female,2001-12-11,474-26-2996,86.603610,32.404950
189,C_189,I,A,USD,false,1,0,1000000,66637.94,,bank_b,Amy,Martinez,84614 Martin Throughway Apt. 422,Jasonshire,OR,US,21365,Female,2018-02-21,589-37-4646,-80.290321,-73.603701
190,C_190,I,A,USD,false,1,0,1000000,89135.54,,bank_b,Barbara,Henderson,64598 Jefferson Point Apt. 056,Nortonshire,AS,US,30502,Female,1987-03-04,607-33-8938,4.595814,-49.665761
191,C_191,I,A,USD,false,1,0,1000000,71697.31,,bank_b,Marvin,Powell,5055 Ryan Station,North Christineborough,IL,US,42805,Male,1914-06-27,086-05-5808,-68.432264,20.518265
192,C_192,I,A,USD,false,1,0,1000000,67168.59,,bank_b,Cristian,Harris,3511 Joshua Shoals,East Robin,MS,US,57548,Male,2021-02-14,288-54-3526,93.592637,-62.6886875
193,C_193,I,A,USD,false,1,0,1000000,96900.41,,bank_b,Erin,Howell,548 Victor Forest Apt. 914,Davidsonton,CT,US,43469,Female,2021-12-18,101-31-4965,126.314222,-72.578247
194,C_194,I,A,USD,false,1,0,1000000,66144.56,,bank_b,Robert,Cook,53232 Jennifer Center Suite 788,South Misty,IL,US,82183,Male,1992-10-16,105-58-7385,-71.620132,84.303629
195,C_195,I,A,USD,false,1,0,1000000,74059.46,,bank_b,Michael,Knight,72939 Bell Greens Suite 229,Rodriguezbury,PA,US,45756,Male,1910-08-02,457-28-6480,-59.342271,-12.3283065
196,C_196,I,A,USD,false,1,0,1000000,81757.64,,bank_b,Maria,Mccullough,0609 Kara Center,Mosesport,NV,US,43966,Female,1954-01-14,431-36-0716,2.012441,-78.0676805
197,C_197,I,A,USD,false,1,0,1000000,89335.84,,bank_b,Bryan,Moore,081 Jason Prairie,Claytonville,CT,US,24182,Male,1937-06-18,495-78-4259,34.822388,-35.2108925
198,C_198,I,A,USD,false,1,0,1000000,87388.30,,bank_b,Kristen,Terry,32671 Jeremy Track Apt. 267,Scottborough,OH,US,05342,Female,1955-01-09,718-64-9386,-105.460642,-77.054345
199,C_199,I,A,USD,false,1,0,1000000,60279.06,,bank_b,David,Dixon,779 Rivera Route Apt. 148,West Sandy,VA,US,40309,Male,1941-04-28,807-49-5281,-8.219012,-34.250404
200,C_200,I,A,USD,false,1,0,1000000,54871.79,,bank_c,Jessica,Davis,3136 Leslie Manor Suite 348,Philipland,OR,US,62955,Female,1929-01-21,124-68-4369,-37.756103,-87.6850405
201,C_201,I,A,USD,false,1,0,1000000,63087.17,,bank_c,Leslie,Solomon,92066 Jacobson Unions,Williamsfort,TN,US,75548,Female,1913-11-02,632-72-3877,-91.853015,-0.8278745
202,C_202,I,A,USD,false,1,0,1000000,73944.54,,bank_c,Martha,Smith,3142 John Bridge Apt. 744,South Stevenburgh,AZ,US,22408,Female,1956-01-24,094-41-0428,68.125162,46.667718
203,C_203,I,A,USD,false,1,0,1000000,71038.60,,bank_c,Anthony,Krueger,67723 Michelle Path Apt. 838,Morrisbury,WA,US,78797,Male,2024-07-18,089-91-9847,134.280461,-40.209095
204,C_204,I,A,USD,false,1,0,1000000,87660.12,,bank_c,Tammy,Camacho,5462 Jennifer Fall,South Kara,PW,US,92827,Female,1932-10-12,620-69-9482,-152.511559,-75.3275405
205,C_205,I,A,USD,false,1,0,1000000,85987.56,,bank_c,Danielle,Bell,7944 Gamble Curve Apt. 781,East Frankchester,IL,US,71152,Female,1950-10-13,520-95-0179,99.020998,-73.044705
206,C_206,I,A,USD,false,1,0,1000000,79999.79,,bank_c,Tamara,Sloan,1172 Navarro Lodge Apt. 564,Donaldshire,NV,US,72076,Female,1978-10-19,574-86-0723,-61.879573,29.3178895
207,C_207,I,A,USD,false,1,0,1000000,83163.83,,bank_c,Aaron,Patterson,88034 Joseph Passage Suite 462,East Colleenborough,NV,US,39085,Male,1973-08-01,011-89-2729,-124.567225,8.5228065
208,C_208,I,A,USD,false,1,0,1000000,99899.11,,bank_c,David,Willis,8592 Mark Shores Apt. 664,Veronicahaven,VT,US,99640,Male,1913-12-17,504-32-3365,-29.153371,-46.8661105
209,C_209,I,A,USD,false,1,0,1000000,52429.68,,bank_c,Lisa,Lang,01366 Mccoy Burgs Apt. 944,New Jamesfort,MS,US,15293,Female,1950-03-07,682-59-5960,-59.809607,76.1670095
210,C_210,I,A,USD,false,1,0,1000000,70104.05,,bank_c,Roberto,Rhodes,7344 Kelsey Cliff,Savagefort,IL,US,64559,Male,1956-09-29,485-21-2529,-177.655425,50.890627
211,C_211,I,A,USD,false,1,0,1000000,69271.74,,bank_c,Jeffrey,Maxwell,521 Gibson Fields Suite 602,Tiffanyside,LA,US,88068,Male,1909-12-13,505-09-7730,-23.665013,35.3319245
212,C_212,I,A,USD,false,1,0,1000000,65960.00,,bank_c,Vickie,Fox,9143 Ford Mills Apt. 751,Deborahborough,OR,US,18254,Female,1985-10-21,182-94-0070,119.910216,66.872912
213,C_213,I,A,USD,false,1,0,1000000,82705.48,,bank_c,Julie,Clark,742 Margaret Mews Suite 460,North Johnland,AZ,US,49707,Female,1940-09-29,019-23-7769,145.266203,-77.3385135
214,C_214,I,A,USD,false,1,0,1000000,95678.50,,bank_c,Mark,Friedman,72333 Bryan Mission Suite 521,Port Donnaton,MH,US,07864,Male,1956-04-23,789-34-0159,85.412513,-19.8711535
215,C_215,I,A,USD,false,1,0,1000000,72609.43,,bank_c,Richard,Hoffman,215 Fuller Vista,Port Amanda,RI,US,81859,Male,2021-02-09,537-32-2588,-80.510612,4.9489035
216,C_216,I,A,USD,false,1,0,1000000,71567.96,,bank_c,Cynthia,Smith,6848 Daniel Locks Apt. 206,New Josephshire,VA,US,41836,Female,2018-06-14,023-30-5367,-119.838970,79.2074205
217,C_217,I,A,USD,false,1,0,1000000,71071.54,,bank_c,Thomas,Brown,4701 Hall Groves,East Amystad,MN,US,35533,Male,1957-02-18,819-47-4585,-176.196447,-53.003010
218,C_218,I,A,USD,false,1,0,1000000,78847.88,,bank_c,Kathryn,Hampton,16581 Gregory River,Port Angela,LA,US,92989,Female,1916-07-06,366-28-7568,138.087910,61.5905655
219,C_219,I,A,USD,false,1,0,1000000,68856.76,,bank_c,Jay,Allen,173 Villegas Rest Suite 599,Port Pennyville,MD,US,51493,Male,2008-06-05,383-49-6354,120.283828,-14.2588885
220,C_220,I,A,USD,false,1,0,1000000,90950.57,,bank_c,Joshua,Williams,16323 Matthew Walk,Curtisville,WY,US,79810,Male,1927-06-16,367-60-6804,2.326068,-9.456196
221,C_221,I,A,USD,false,1,0,1000000,68226.79,,bank_c,Bryan,Lowery,272 Fernandez Roads Suite 510,Lake Michael,TN,US,27172,Male,1951-10-26,050-13-7175,161.276307,57.791760
222,C_222,I,A,USD,false,1,0,1000000,90827.04,,bank_c,Diana,Gregory,77131 Jamie Rue,West Nathan,ME,US,91568,Female,1949-01-21,061-45-2700,40.509104,-68.9845835
223,C_223,I,A,USD,false,1,0,1000000,69714.99,,bank_c,Ariana,Anderson,277 Smith Brooks Apt. 770,New Brian,CT,US,50147,Female,1965-01-06,581-39-9381,27.382013,-88.5004085
224,C_224,I,A,USD,false,1,0,1000000,95206.43,,bank_c,Timothy,Ruiz,329 Steven Fall,Leehaven,WI,US,06440,Male,1965-12-15,275-84-7439,1.471087,75.104725
225,C_225,I,A,USD,false,1,0,1000000,69571.07,,bank_c,Cynthia,Matthews,90777 Coleman Track,North Jessicamouth,MS,US,64189,Female,1971-10-12,205-73-5485,-75.690689,-48.0758915
226,C_226,I,A,USD,false,1,0,1000000,76297.42,,bank_c,Katherine,Garcia,9146 Bryan Land,Hernandezchester,AS,US,70651,Female,1958-09-13,809-47-6540,10.964143,20.457033
227,C_227,I,A,USD,false,1,0,1000000,56902.80,,bank_c,Lori,Dennis,75315 Nicholas Manor,New Ronald,IA,US,85756,Female,1984-05-11,430-41-1901,-170.954529,-34.4223995
228,C_228,I,A,USD,false,1,0,1000000,93951.58,,bank_c,Paul,Tucker,41323 Walsh Hill,East Deborah,NM,US,01415,Male,1981-10-20,004-40-7263,-36.288638,-36.978427
229,C_229,I,A,USD,false,1,0,1000000,88283.29,,bank_c,Cassandra,Gibson,542 Kim Lodge,Michaelfort,PR,US,54847,Female,1940-05-11,430-84-7166,83.344722,-73.4427515
230,C_230,I,A,USD,false,1,0,1000000,51549.17,,bank_c,Meghan,Beltran,0575 Leach Course Suite 496,Nicolemouth,DE,US,45924,Female,1957-07-26,034-51-8875,8.667649,81.153713
231,C_231,I,A,USD,false,1,0,1000000,70664.96,,bank_c,Joshua,Robinson,789 Robinson Stravenue,West Zacharyside,ID,US,79807,Male,1923-01-16,415-16-8999,-151.170622,-19.5738145
232,C_232,I,A,USD,false,1,0,1000000,92251.60,,bank_c,Nancy,Jarvis,2890 Wright Groves,West Fernando,ID,US,64817,Female,2024-12-16,278-45-3087,126.796188,-2.5051305
233,C_233,I,A,USD,false,1,0,1000000,80221.15,,bank_c,Johnathan,Hill,39936 Todd Hollow Apt. 143,North Michaelmouth,LA,US,41369,Male,1988-03-20,381-68-9974,-121.376413,78.1912735
234,C_234,I,A,USD,false,1,0,1000000,70053.69,,bank_c,Brandon,Williams,1829 Bishop Radial Suite 854,Lake Derrick,CA,US,20604,Male,2013-11-26,226-84-8283,11.088665,14.5935565
235,C_235,I,A,USD,false,1,0,1000000,73903.82,,bank_c,Kristin,Garcia,897 Kim Plains,Smithchester,OR,US,72912,Female,1919-01-17,346-54-8715,-15.454456,84.1018635
236,C_236,I,A,USD,false,1,0,1000000,75142.37,,bank_c,Tyler,White,99488 Kramer Lakes Apt. 055,Hernandezview,AR,US,08720,Male,2005-08-12,671-39-8359,-98.264647,-47.0317135
237,C_237,I,A,USD,false,1,0,1000000,77926.89,,bank_c,Rachel,Washington,270 Lindsey Knoll,Ronaldbury,DE,US,54372,Female,2023-11-29,593-66-1460,127.656426,71.506868
238,C_238,I,A,USD,false,1,0,1000000,80638.99,,bank_c,Matthew,White,0587 Donna Skyway Suite 195,Port Brendaburgh,WY,US,41215,Male,2005-02-24,230-49-5534,156.549122,54.4364825
239,C_239,I,A,USD,false,1,0,1000000,73716.16,,bank_c,Andrew,Abbott,9737 Knight Tunnel Suite 667,East Timothy,WI,US,25661,Male,1928-03-24,168-67-3471,-119.815070,-57.4083555
240,C_240,I,A,USD,false,1,0,1000000,52914.08,,bank_c,Amy,Rodriguez,026 David Wall,Williambury,TX,US,60411,Female,1970-08-23,107-72-1399,152.187853,-68.720267
241,C_241,I,A,USD,false,1,0,1000000,77992.50,,bank_c,Marcia,Martin,7982 Huerta Hill,West Joshua,DC,US,96447,Female,2017-07-04,684-26-3910,-111.931854,76.5800265
242,C_242,I,A,USD,false,1,0,1000000,58074.91,,bank_c,Katherine,Rivera,41309 Gray Shores,Clarkland,VT,US,46825,Female,2008-02-07,674-05-1886,138.208672,71.4805235
243,C_243,I,A,USD,false,1,0,1000000,51097.01,,bank_c,Amanda,Myers,780 Sanchez Forks,Kristinehaven,KY,US,99177,Female,1990-02-01,250-25-5176,-170.532140,77.6838885
244,C_244,I,A,USD,false,1,0,1000000,78320.29,,bank_c,Brandon,Shaw,35918 Nelson Flats,South Shannon,IN,US,77563,Male,1930-10-20,128-44-9571,-81.108794,-70.463388
245,C_245,I,A,USD,false,1,0,1000000,84182.86,,bank_c,Bradley,Malone,3213 Kyle Tunnel Apt. 128,Stephensonview,VT,US,18155,Male,2004-08-10,518-32-3640,-109.441721,31.5192755
246,C_246,I,A,USD,false,1,0,1000000,98120.54,,bank_c,Tammie,House,56820 Newman Ports Apt. 926,Jenniferside,ID,US,94439,Female,1935-12-25,512-82-0818,41.984405,72.324504
247,C_247,I,A,USD,false,1,0,1000000,54869.40,,bank_c,Cassandra,Beck,85352 Mark Ways Suite 189,Blackburnport,OK,US,70916,Female,1964-11-16,716-92-3375,59.551875,-12.1203045
248,C_248,I,A,USD,false,1,0,1000000,90826.92,,bank_c,Vicki,Stokes,95410 Rachel Causeway Apt. 104,Jessicaland,GU,US,10999,Female,1980-06-15,806-81-5127,-0.870451,72.247150
249,C_249,I,A,USD,false,1,0,1000000,69806.12,,bank_c,Kimberly,Kirk,89764 John Keys Suite 263,Browntown,KY,US,79820,Female,1927-04-29,013-93-6586,-41.641586,-23.4654495
250,C_250,I,A,USD,false,1,0,1000000,75636.80,,bank_c,Patricia,Hunt,792 Mary Stream,Kennethfurt,NY,US,91811,Female,1935-04-05,271-05-5994,129.501282,-10.0631945
251,C_251,I,A,USD,false,1,0,1000000,55794.30,,bank_c,Jeremy,Peterson,3234 Curtis Pine,Lucaschester,IL,US,71533,Male,1995-03-21,629-62-5077,135.507578,-61.7213215
252,C_252,I,A,USD,false,1,0,1000000,55209.59,,bank_c,Matthew,Ashley,13865 Christopher Hill,Owenston,ME,US,71571,Male,1964-08-09,636-61-2085,176.786897,54.859142
253,C_253,I,A,USD,false,1,0,1000000,60721.83,,bank_c,Leslie,Bryant,9339 Erica Haven,South Matthewchester,MI,US,19187,Female,1957-11-02,237-05-6123,67.639589,86.5664735
254,C_254,I,A,USD,false,1,0,1000000,95932.41,,bank_c,Brian,Harris,9240 Alexandria Green Apt. 171,Burgessburgh,ME,US,66469,Male,1951-11-02,887-23-6112,-1.383567,-27.9212105
255,C_255,I,A,USD,false,1,0,1000000,77464.92,,bank_c,Crystal,Castro,644 Adams Road,North Sarahshire,GU,US,17862,Female,1972-04-16,131-76-4721,175.454685,-43.719686
256,C_256,I,A,USD,false,1,0,1000000,56432.56,,bank_c,Daniel,Murray,79483 Wilson Fords Apt. 224,Torresport,ID,US,45483,Male,2000-12-10,168-66-3647,51.098366,14.466458
257,C_257,I,A,USD,false,1,0,1000000,71106.52,,bank_c,Patrick,Barrett,4726 Cole Stream,New Brent,OK,US,68931,Male,1976-08-11,049-53-9788,-86.496816,-82.543506
258,C_258,I,A,USD,false,1,0,1000000,99596.14,,bank_c,Ernest,Hayes,10450 Boone Cove Suite 653,East Misty,NV,US,50930,Male,2024-04-15,152-73-1598,-28.351413,31.500047
259,C_259,I,A,USD,false,1,0,1000000,57882.50,,bank_c,Matthew,Hill,48385 Velazquez Isle,West Trevorville,FL,US,18373,Male,1924-06-20,246-21-5721,3.156372,44.5648855
260,C_260,I,A,USD,false,1,0,1000000,84523.53,,bank_c,Kimberly,Park,083 Huff Extensions,Harrisonborough,GU,US,59145,Female,2018-09-16,124-67-7581,42.648528,76.728579
261,C_261,I,A,USD,false,1,0,1000000,81332.99,,bank_c,Amanda,Bailey,1123 Ferguson Circle Suite 287,North John,ID,US,79181,Female,1965-07-14,808-43-9257,0.349978,-3.279565
262,C_262,I,A,USD,false,1,0,1000000,74889.18,,bank_c,Kristin,Barrett,79595 Davis Summit Apt. 028,Leahbury,AK,US,10875,Female,1959-02-25,298-42-7819,-148.125854,-26.7149285
263,C_263,I,A,USD,false,1,0,1000000,81309.46,,bank_c,Robert,Jacobson,5011 Lawrence Port Apt. 049,Nicolebury,SD,US,68132,Male,1934-08-22,212-18-7335,22.396962,-48.2931035
264,C_264,I,A,USD,false,1,0,1000000,75698.00,,bank_c,Kevin,Wallace,5465 Crystal Brook Suite 251,East Allison,NJ,US,41266,Male,1992-09-23,553-19-8222,28.272109,-67.010758
265,C_265,I,A,USD,false,1,0,1000000,51450.20,,bank_c,Martin,Strong,6858 Bradley Brooks,Cherylberg,IN,US,30596,Male,1981-08-16,885-77-8241,-85.992003,-50.822539
266,C_266,I,A,USD,false,1,0,1000000,77493.90,,bank_c,Susan,Miller,90391 Debra Fields,East Jeff,MT,US,69670,Female,1978-02-02,323-83-6361,-114.189569,47.133286
267,C_267,I,A,USD,false,1,0,1000000,79533.14,,bank_c,Marie,Doyle,44021 Benton Haven,South Diane,WV,US,25347,Female,1920-07-28,426-21-8159,136.684410,48.5868015
268,C_268,I,A,USD,false,1,0,1000000,67149.48,,bank_c,Barbara,Harrell,10723 Duncan Corner,Lindaview,MA,US,56278,Female,1990-04-29,751-37-9051,-19.166474,21.546422
269,C_269,I,A,USD,false,1,0,1000000,77619.27,,bank_c,Jessica,Lara,400 Cortez Crossing Apt. 343,Lake Aprilborough,NY,US,39206,Female,1963-05-14,739-62-9379,44.624920,-32.6236575
270,C_270,I,A,USD,false,1,0,1000000,60711.87,,bank_c,Betty,Miller,352 Buchanan Bypass,Clayside,MA,US,28435,Female,1916-08-02,052-17-1094,105.022004,-60.489393
271,C_271,I,A,USD,false,1,0,1000000,56064.75,,bank_c,Dennis,Roberts,26940 Garcia Rest,Port Jesustown,OK,US,57858,Male,1978-10-16,860-24-8365,141.328956,15.587146
272,C_272,I,A,USD,false,1,0,1000000,59938.04,,bank_c,Linda,Barnes,4773 Henson Rapids,Mcculloughport,NV,US,29230,Female,1958-03-26,206-16-5963,158.780225,84.840393
273,C_273,I,A,USD,false,1,0,1000000,60339.14,,bank_c,Angel,Hardy,081 Jennifer Knolls,Lake Jamie,NE,US,14785,Male,1966-09-24,894-40-4477,29.023500,73.2794315
274,C_274,I,A,USD,false,1,0,1000000,69474.80,,bank_c,Matthew,Forbes,59587 Davila Flats,Brownhaven,MS,US,86708,Male,1979-05-11,584-33-9853,136.068095,-60.4076795
275,C_275,I,A,USD,false,1,0,1000000,92728.03,,bank_c,Alexis,Lawson,89864 Destiny Common Suite 646,South Jamieport,WY,US,27114,Female,1969-06-22,100-53-5935,25.199914,8.204207
276,C_276,I,A,USD,false,1,0,1000000,93600.06,,bank_c,Grace,Pham,50019 Rodriguez Junction Apt. 555,Dylanmouth,CO,US,33868,Female,2005-12-30,655-36-4616,-98.465882,20.758771
277,C_277,I,A,USD,false,1,0,1000000,66695.39,,bank_c,David,Cook,134 Garrett Curve,Sarahview,AR,US,01733,Male,1986-02-24,120-89-7394,162.129395,-74.021138
278,C_278,I,A,USD,false,1,0,1000000,86955.03,,bank_c,Sarah,Vargas,35114 Mcdonald Manor Suite 982,Port Davidfurt,KY,US,11757,Female,2009-04-03,878-67-2728,73.933994,21.341017
279,C_279,I,A,USD,false,1,0,1000000,54596.23,,bank_c,Nicole,Collins,7118 Frederick Field Suite 402,Lake Stephaniemouth,LA,US,87177,Female,1982-07-21,842-43-2932,172.752883,-86.0130325
280,C_280,I,A,USD,false,1,0,1000000,77926.20,,bank_c,Jeremy,Wong,77167 Austin Spring,Perezberg,OR,US,63172,Male,2024-10-30,715-54-8852,-13.771386,43.248567
281,C_281,I,A,USD,false,1,0,1000000,88694.70,,bank_c,Charles,Pope,411 Sydney Gateway Suite 719,Masseytown,ND,US,23866,Male,1985-12-06,864-72-5423,-90.514799,0.0700455
282,C_282,I,A,USD,false,1,0,1000000,91653.66,,bank_c,Lauren,Frederick,2152 Davis Station Apt. 501,Larryview,PW,US,23312,Female,2016-10-21,403-61-9126,-169.317949,-17.6558115
283,C_283,I,A,USD,false,1,0,1000000,60370.51,,bank_c,Jessica,Evans,145 Roberts Common Suite 347,East Lindseyville,AK,US,44449,Female,1914-04-11,837-13-5050,71.590051,-7.519813
284,C_284,I,A,USD,false,1,0,1000000,86469.40,,bank_c,Danielle,Harrington,5466 Ray Orchard Suite 327,Dennisshire,HI,US,17435,Female,1942-05-17,109-41-1827,-177.699428,-37.154597
285,C_285,I,A,USD,false,1,0,1000000,50083.11,,bank_c,Mike,Welch,95200 James Court,South Christopherborough,NY,US,47190,Male,1928-04-08,792-31-8233,118.243317,66.1310665
286,C_286,I,A,USD,false,1,0,1000000,82223.96,,bank_c,Jason,Mckenzie,9881 Autumn Village,West Sherri,GA,US,80780,Male,1951-07-25,632-55-6835,-24.140088,-34.515889
287,C_287,I,A,USD,false,1,0,1000000,90806.48,,bank_c,Mitchell,Hodges,371 Gail Ramp Suite 805,Kimberlymouth,NJ,US,83584,Male,1942-07-05,589-68-1169,-147.208882,-71.926257
288,C_288,I,A,USD,false,1,0,1000000,62002.27,,bank_c,Beverly,Hall,3119 Austin Mews,Christopherton,AK,US,97043,Female,1959-01-07,724-99-9710,146.822001,4.2918845
289,C_289,I,A,USD,false,1,0,1000000,57265.10,,bank_c,Stacey,Wade,9183 Hutchinson Mount,Johnville,ME,US,64212,Female,1916-07-28,413-28-7075,63.496925,67.7345105
290,C_290,I,A,USD,false,1,0,1000000,63891.78,,bank_c,Teresa,Joseph,80838 Johnson Curve Apt. 813,South Nathan,CA,US,54125,Female,1926-06-01,239-61-6727,-19.414734,4.7631095
291,C_291,I,A,USD,false,1,0,1000000,79275.62,,bank_c,Stephanie,Jacobs,6533 Robert Road Apt. 643,Port Bobby,TN,US,45122,Female,2018-01-03,036-38-3074,81.583337,-53.7765175
292,C_292,I,A,USD,false,1,0,1000000,89560.67,,bank_c,John,Gilbert,283 Murray Manors,New David,HI,US,88940,Male,2004-01-01,732-03-9804,-158.523059,18.0097265
293,C_293,I,A,USD,false,1,0,1000000,67195.20,,bank_c,Kari,Sawyer,963 Smith Lodge,West Stevenmouth,NJ,US,07616,Female,1925-06-25,710-79-5780,64.975314,-2.1750735
294,C_294,I,A,USD,false,1,0,1000000,64536.96,,bank_c,Corey,Myers,90164 Darrell Freeway,Laurenside,MO,US,72261,Male,1917-12-12,497-03-7183,-74.127050,-89.533367
295,C_295,I,A,USD,false,1,0,1000000,67225.76,,bank_c,Jenna,Hill,821 Avila Lock Suite 200,Port Coreyville,CA,US,27372,Female,1996-09-23,649-65-9585,75.846472,50.309449
296,C_296,I,A,USD,false,1,0,1000000,60813.00,,bank_c,Thomas,Romero,154 Joseph Shoals Apt. 650,Knightburgh,IA,US,97256,Male,1978-11-14,169-36-7185,66.821800,-53.096282
297,C_297,I,A,USD,false,1,0,1000000,59998.88,,bank_c,Michael,Williams,132 Joseph Mountains,Debraberg,ID,US,46457,Male,1911-11-20,878-24-9409,-160.165616,27.702233
298,C_298,I,A,USD,false,1,0,1000000,81270.70,,bank_c,Seth,Williams,164 Morales Lane Suite 538,Ebonyfort,PR,US,94809,Male,1942-01-18,366-21-9538,74.489812,-8.437564
299,C_299,I,A,USD,false,1,0,1000000,89063.22,,bank_c,Marcus,Cooper,95585 Jennifer Well Apt. 408,West Jennifer,WA,US,27836,Male,2022-09-08,831-51-5646,110.580778,11.672365
300,C_300,I,A,USD,false,1,0,1000000,72713.26,,bank_c,Katherine,Bruce,664 Deborah Squares Apt. 415,Pruittberg,MH,US,71133,Female,1939-06-05,168-16-4399,-5.351759,57.4963685
301,C_301,I,A,USD,false,1,0,1000000,62553.91,,bank_c,Sonya,Adams,57193 Beck Greens,North Carolynstad,ND,US,74767,Female,1946-10-28,032-65-9965,-179.041143,65.0274325
302,C_302,I,A,USD,false,1,0,1000000,76665.41,,bank_c,Brian,Garcia,742 Johnson Forks Suite 114,West Lauraberg,NE,US,15582,Male,2000-07-29,206-69-6035,-137.964860,51.0388065
303,C_303,I,A,USD,false,1,0,1000000,69755.02,,bank_c,Matthew,Leach,383 Flynn Common Apt. 973,New Michaeltown,OR,US,40588,Male,1911-10-20,665-90-7666,150.420232,79.870462
304,C_304,I,A,USD,false,1,0,1000000,78916.21,,bank_c,Nancy,Smith,362 Hodges Pass Apt. 713,Coxchester,KS,US,23522,Female,2009-10-16,665-63-4328,-158.251102,-70.8585935
305,C_305,I,A,USD,false,1,0,1000000,91407.23,,bank_c,Kyle,Wilcox,8769 Deleon Flats,West Paulview,MI,US,69626,Male,1947-11-16,125-94-5847,-130.974692,-17.416993
306,C_306,I,A,USD,false,1,0,1000000,76296.36,,bank_c,Megan,Hines,887 Todd Curve,Olsonstad,TX,US,80418,Female,1990-12-20,216-22-1073,-11.235672,11.6998645
307,C_307,I,A,USD,false,1,0,1000000,72552.55,,bank_c,Chad,Meyer,95224 Brandi Vista Suite 195,New Danielle,MO,US,42493,Male,1980-03-01,540-14-6519,21.415866,-11.4917465
308,C_308,I,A,USD,false,1,0,1000000,60203.61,,bank_c,Lauren,Hawkins,7127 Alexander Track Apt. 215,Port Maria,NC,US,24402,Female,1935-07-01,571-53-7698,160.508173,-41.7167295
309,C_309,I,A,USD,false,1,0,1000000,67467.68,,bank_c,Martin,Newman,47087 Riley Junction Suite 684,North Christopherborough,IL,US,36401,Male,2024-08-22,551-23-8902,37.518894,-28.777057
310,C_310,I,A,USD,false,1,0,1000000,54432.58,,bank_c,James,Barnett,50246 Brown Skyway,Lindsayville,ME,US,19583,Male,1958-06-10,877-63-7689,-6.194788,62.4118565
311,C_311,I,A,USD,false,1,0,1000000,71091.10,,bank_c,Shane,Buchanan,3087 Kevin Shore Apt. 490,New Teresahaven,MA,US,47941,Male,1969-07-08,898-75-4592,-168.364921,-53.4396295
312,C_312,I,A,USD,false,1,0,1000000,88660.10,,bank_c,Jeffrey,Sanders,519 Blanchard Key,New Adam,ND,US,45067,Male,1954-05-08,693-15-8629,-177.162985,28.612013
313,C_313,I,A,USD,false,1,0,1000000,85773.26,,bank_c,Amy,Lynch,1758 Escobar Courts,East Robertfurt,MI,US,04874,Female,1950-10-19,810-59-4764,150.614307,39.657095
314,C_314,I,A,USD,false,1,0,1000000,89747.80,,bank_c,Victoria,Hays,1527 Jacqueline Turnpike Suite 453,West Johnhaven,DE,US,27483,Female,2008-02-12,175-04-6869,150.152672,10.066199
315,C_315,I,A,USD,false,1,0,1000000,88931.70,,bank_c,Ricardo,Rodriguez,643 Cooper Rest,Nicholasshire,MT,US,94796,Male,2018-03-27,037-89-3417,83.348521,86.685022
316,C_316,I,A,USD,false,1,0,1000000,61895.82,,bank_c,Tina,Harrison,2099 Martin Mountain Apt. 475,Melissachester,NC,US,08966,Female,1945-01-10,019-54-4811,146.741360,30.1527875
317,C_317,I,A,USD,false,1,0,1000000,87363.48,,bank_c,Timothy,Williams,341 Taylor Crescent,West Sheila,VT,US,63077,Male,1973-10-27,615-24-6871,160.084927,-36.041996
318,C_318,I,A,USD,false,1,0,1000000,80394.60,,bank_c,Mary,Reese,55131 Williams Loaf Suite 328,West Laurieborough,UT,US,25317,Female,1969-12-30,842-83-2655,54.641171,80.0406375
319,C_319,I,A,USD,false,1,0,1000000,56110.89,,bank_c,Taylor,Horton,07445 Robert Wells Apt. 903,East Christopherhaven,SD,US,52335,Male,1922-04-08,658-31-5173,-135.023692,78.1314315
320,C_320,I,A,USD,false,1,0,1000000,58661.62,,bank_c,Kayla,Wallace,789 Ryan Passage,New Jennifer,MH,US,36051,Female,1975-05-26,668-97-6699,-136.661515,2.512165
321,C_321,I,A,USD,false,1,0,1000000,66007.54,,bank_c,Paul,Brown,52135 Karen Plaza,New Jeffrey,CO,US,89041,Male,2012-03-08,329-64-6396,157.243035,18.4270595
322,C_322,I,A,USD,false,1,0,1000000,80030.06,,bank_c,David,Carpenter,027 Amy Dale Suite 507,Carrstad,NH,US,61461,Male,2019-04-11,014-87-9471,-61.936023,55.9768645
323,C_323,I,A,USD,false,1,0,1000000,61178.02,,bank_c,Riley,Brown,267 Nicole Spring,Veronicaville,AL,US,65144,Male,2013-02-24,710-83-0856,77.019372,-53.958369
324,C_324,I,A,USD,false,1,0,1000000,52376.81,,bank_c,Richard,Blanchard,032 Jason Cliff,New Kimberly,ID,US,53066,Male,1991-09-09,827-85-7824,155.248734,-87.509217
325,C_325,I,A,USD,false,1,0,1000000,88961.64,,bank_c,Emily,Finley,0727 Charles Mountain Apt. 561,Whiteside,WA,US,55941,Female,1957-08-12,274-84-8586,-115.367814,21.603880
326,C_326,I,A,USD,false,1,0,1000000,80369.77,,bank_c,Dana,Strong,0874 Carroll Roads,Kellyfort,NY,US,66736,Female,1936-05-19,254-40-4155,51.317914,27.334819
327,C_327,I,A,USD,false,1,0,1000000,53405.17,,bank_c,Alan,Sharp,32973 Prince Parks,New Dominiquefort,VI,US,06316,Male,1921-05-26,865-30-9425,-138.560906,54.7222215
328,C_328,I,A,USD,false,1,0,1000000,94593.37,,bank_c,Sandy,Williams,423 Mccann Underpass Suite 442,Jeremychester,IL,US,32661,Female,2000-02-23,889-36-9654,13.297874,-30.2803635
329,C_329,I,A,USD,false,1,0,1000000,77800.57,,bank_c,Kristi,Patterson,089 Trevor Plains,North Michael,MT,US,58206,Female,2014-09-20,804-93-4268,-29.861073,54.971646
330,C_330,I,A,USD,false,1,0,1000000,51001.38,,bank_c,Jennifer,Sanchez,400 Robbins Lane Suite 977,Angelaberg,GA,US,02876,Female,1922-01-10,780-18-3290,-17.653630,-16.1243485
331,C_331,I,A,USD,false,1,0,1000000,72118.18,,bank_c,Teresa,Brown,40823 Levy Isle Apt. 717,Jamesfurt,MT,US,06134,Female,1917-12-04,852-27-5359,-168.394599,-51.7849805
332,C_332,I,A,USD,false,1,0,1000000,85358.97,,bank_c,Ivan,Robinson,680 Edward Forges Suite 101,North Patriciamouth,TN,US,09082,Male,1973-04-25,593-26-5066,-14.480206,-82.113502
333,C_333,I,A,USD,false,1,0,1000000,99912.38,,bank_c,Andrea,Freeman,235 Bryan Wall Suite 586,North Reneetown,HI,US,72700,Female,2000-09-04,567-65-3916,-148.476597,-30.8194905
334,C_334,I,A,USD,false,1,0,1000000,58420.13,,bank_c,Debra,Bennett,27371 Shelton Meadows,Wolfbury,IA,US,09278,Female,1955-03-16,185-37-4796,144.158692,-19.7113335
335,C_335,I,A,USD,false,1,0,1000000,50041.65,,bank_c,Kristy,Nelson,70165 Tyler Station,Shannonfort,AR,US,36527,Female,1929-10-14,616-72-4152,-44.527139,47.6788355
336,C_336,I,A,USD,false,1,0,1000000,89140.81,,bank_c,David,Glover,6815 Christian Meadow,Westchester,VT,US,55275,Male,2014-02-25,783-70-8695,118.340017,74.5393985
337,C_337,I,A,USD,false,1,0,1000000,68471.59,,bank_c,David,Harris,2684 Heidi Trail,Erintown,AK,US,02204,Male,1933-09-20,044-28-9752,135.181073,-40.1432325
338,C_338,I,A,USD,false,1,0,1000000,92706.09,,bank_c,Cassandra,Long,1726 Michael Fall Suite 500,Jasonshire,OH,US,99068,Female,1964-10-06,870-63-3328,-60.315513,8.6629195
339,C_339,I,A,USD,false,1,0,1000000,63903.71,,bank_c,James,Lee,684 Potts Haven Suite 910,Port Josephhaven,SD,US,84716,Male,1985-10-09,059-49-9353,102.103846,86.3707665
340,C_340,I,A,USD,false,1,0,1000000,92376.24,,bank_c,Sharon,Davis,3585 Jenna Forges Suite 674,Candiceland,MH,US,02827,Female,2006-05-30,243-69-9451,-6.158332,-28.327464
341,C_341,I,A,USD,false,1,0,1000000,59891.50,,bank_c,Cheryl,Rivera,50121 Sue Underpass Suite 762,Tylertown,ND,US,93530,Female,1978-02-19,670-31-2782,26.680319,45.091613
342,C_342,I,A,USD,false,1,0,1000000,73040.35,,bank_c,Sara,Carter,68514 Clark Springs Suite 510,Bensontown,IA,US,10073,Female,1987-11-12,580-33-7098,-151.787093,-22.1778885
343,C_343,I,A,USD,false,1,0,1000000,73659.73,,bank_c,Kathy,Stone,963 Howe Drive,Jonesfurt,WA,US,16458,Female,1922-10-24,216-23-5125,-95.611526,70.731263
344,C_344,I,A,USD,false,1,0,1000000,84850.13,,bank_c,Jasmine,Hardin,6038 Melissa Park Apt. 377,South Danielview,IL,US,77277,Female,1920-01-09,123-52-3404,-12.369710,-86.0129305
345,C_345,I,A,USD,false,1,0,1000000,86584.32,,bank_c,Michael,Jennings,060 Dale Square,South Paulaborough,RI,US,22114,Male,2004-06-02,084-84-6825,-7.815584,-11.951203
346,C_346,I,A,USD,false,1,0,1000000,96697.89,,bank_c,Donna,Williams,813 Samantha Lodge Apt. 913,West Sharon,WA,US,57576,Female,1982-06-28,403-51-4595,-166.022618,18.0488795
347,C_347,I,A,USD,false,1,0,1000000,66496.63,,bank_c,Laura,Donaldson,040 Sydney Plaza,South Cody,MP,US,12416,Female,1933-07-09,242-01-1187,-129.129655,86.807185
348,C_348,I,A,USD,false,1,0,1000000,78217.99,,bank_c,Adrienne,Solis,5855 Ryan Light,Butlermouth,GU,US,20452,Female,1956-05-23,134-96-8031,-36.565069,88.180213
349,C_349,I,A,USD,false,1,0,1000000,76772.08,,bank_c,Justin,Fuller,565 White Trafficway,Port Nicholas,MS,US,77989,Male,2024-02-29,761-97-4910,-175.704500,-40.836734
350,C_350,I,A,USD,false,1,0,1000000,50515.44,,bank_c,Sandra,Donovan,8596 Benton Keys Apt. 355,Port Olivia,MD,US,68083,Female,2019-02-17,384-33-9285,157.916208,-83.5630565
351,C_351,I,A,USD,false,1,0,1000000,53705.87,,bank_c,Billy,Taylor,74418 Brooke Radial Apt. 183,East Annamouth,UT,US,13101,Male,1976-08-14,180-99-5732,-108.074399,-20.062764
352,C_352,I,A,USD,false,1,0,1000000,65246.11,,bank_c,Erika,Hoffman,80435 Patrick Islands Suite 092,Jerryport,DC,US,32937,Female,2009-12-02,110-64-5529,149.768419,-67.050443
353,C_353,I,A,USD,false,1,0,1000000,61684.60,,bank_c,Kenneth,Garcia,04001 Green Island Suite 629,New Mariamouth,MI,US,40002,Male,1961-03-27,895-55-1844,54.729629,-61.8231705
354,C_354,I,A,USD,false,1,0,1000000,76575.45,,bank_c,Kyle,Peterson,69296 Devin Path Apt. 335,Latashamouth,NM,US,66306,Male,1943-10-31,722-72-8188,135.133824,-84.6731535
355,C_355,I,A,USD,false,1,0,1000000,82980.68,,bank_c,Michael,Hobbs,31348 Rebecca Mall Apt. 983,West Elizabethshire,MS,US,87638,Male,1961-08-02,015-35-2671,12.277706,43.4408345
356,C_356,I,A,USD,false,1,0,1000000,58671.05,,bank_c,Jeffrey,Nichols,3227 Troy Ferry Apt. 540,West Lori,CA,US,83115,Male,1958-12-14,764-31-7332,165.229016,54.5038285
357,C_357,I,A,USD,false,1,0,1000000,86844.91,,bank_c,Steven,Cooley,64991 Bell Corners Apt. 106,West Brittanyville,TX,US,21203,Male,1971-05-03,116-70-2216,4.403912,20.9436335
358,C_358,I,A,USD,false,1,0,1000000,98115.95,,bank_c,Michael,Huber,54334 Smith Glen,New Sheritown,IL,US,24740,Male,1912-07-24,463-97-6652,57.578246,46.4940195
359,C_359,I,A,USD,false,1,0,1000000,65694.07,,bank_c,William,Blackburn,877 Joseph Meadow Apt. 115,South Heatherchester,ID,US,45505,Male,1914-08-27,515-18-5011,-22.062263,64.055777
360,C_360,I,A,USD,false,1,0,1000000,68135.49,,bank_c,Shannon,Thompson,02845 Morrison Lodge,East Martin,AS,US,83823,Female,2010-06-09,278-19-4478,-60.075878,47.767885
361,C_361,I,A,USD,false,1,0,1000000,50221.07,,bank_c,Carolyn,Coleman,167 Russell Loop Apt. 034,East Brandiberg,HI,US,49979,Female,2025-07-11,638-68-0660,-84.082929,-85.3693545
362,C_362,I,A,USD,false,1,0,1000000,61061.82,,bank_c,John,Khan,805 Samantha Islands,New Amber,NV,US,63978,Male,1976-04-21,644-73-7177,122.805614,64.969601
363,C_363,I,A,USD,false,1,0,1000000,66659.23,,bank_c,Erica,Kim,809 Brian Rapids,Conradfort,IL,US,03668,Female,1978-03-07,803-64-9587,-131.387668,63.379470
364,C_364,I,A,USD,false,1,0,1000000,50736.14,,bank_c,Crystal,James,43026 Heather Landing Apt. 267,Garciaport,AR,US,36187,Female,2016-02-01,177-42-3597,93.566363,-73.561865
365,C_365,I,A,USD,false,1,0,1000000,80539.26,,bank_c,Cassandra,Kim,31527 Jennifer Trail Apt. 785,Pearsonburgh,PR,US,69427,Female,1990-12-01,136-55-4893,91.005682,-73.474894
366,C_366,I,A,USD,false,1,0,1000000,99184.34,,bank_c,Benjamin,Kim,71269 Jeffrey Lodge,Evansport,NC,US,16416,Male,1990-02-20,834-49-3116,-104.582614,4.111668
367,C_367,I,A,USD,false,1,0,1000000,58253.50,,bank_c,Kevin,Lane,19691 Rose Plaza Apt. 911,North Heather,VA,US,80448,Male,2005-05-26,414-41-9617,29.496849,86.547945
368,C_368,I,A,USD,false,1,0,1000000,82039.84,,bank_c,Samantha,Huang,7040 Campbell Fall Suite 381,Lake Suzanne,NV,US,55004,Female,1968-11-13,175-13-3019,28.294373,57.3924375
369,C_369,I,A,USD,false,1,0,1000000,75099.75,,bank_c,Russell,Dunn,7331 Anderson Track,South Joshuaport,NC,US,73985,Male,2011-04-22,483-51-4167,115.621318,0.316914
370,C_370,I,A,USD,false,1,0,1000000,67425.68,,bank_c,Stephanie,Torres,917 David Lakes,South Hollyfurt,HI,US,40937,Female,2006-11-19,535-40-8525,-98.853185,37.855237
371,C_371,I,A,USD,false,1,0,1000000,74236.78,,bank_c,Timothy,Smith,034 Hickman Stream Suite 294,West Brianburgh,NE,US,45433,Male,1926-11-02,685-47-5778,49.403339,-83.198872
372,C_372,I,A,USD,false,1,0,1000000,50428.75,,bank_c,Kristin,Trevino,959 Thomas Coves,Andersonmouth,MS,US,63682,Female,1996-06-01,669-63-3481,46.971072,-5.220870
373,C_373,I,A,USD,false,1,0,1000000,73007.32,,bank_c,Randy,Johnson,94531 David Radial Suite 075,Markfort,CT,US,00758,Male,1984-08-29,432-88-9476,-55.415939,14.076934
374,C_374,I,A,USD,false,1,0,1000000,71710.06,,bank_c,Isaac,Morrison,149 Marilyn Viaduct,Jenniferstad,MO,US,24586,Male,1977-05-12,127-95-9184,48.356533,-0.697955
375,C_375,I,A,USD,false,1,0,1000000,82597.69,,bank_c,Robert,Brown,273 Corey Squares,North Emily,HI,US,47191,Male,1945-02-16,166-11-8801,-4.598660,38.947257
376,C_376,I,A,USD,false,1,0,1000000,87054.02,,bank_c,Nicholas,Smith,05116 Durham Vista Suite 954,East Cynthiaborough,TN,US,87157,Male,1982-09-25,507-85-0085,91.054687,-82.586490
377,C_377,I,A,USD,false,1,0,1000000,55448.93,,bank_c,Andrea,Camacho,57781 Moore Plaza,Lopezstad,NH,US,21876,Female,2003-12-27,029-60-6303,154.283869,-69.000918
378,C_378,I,A,USD,false,1,0,1000000,88168.22,,bank_c,Lucas,Garcia,729 David Meadows,Matthewstad,MT,US,65656,Male,1932-02-07,891-23-7504,-174.263305,42.6058335
379,C_379,I,A,USD,false,1,0,1000000,83287.35,,bank_c,Maurice,Hammond,026 David Place,Lake John,AK,US,15559,Male,2014-12-24,789-84-5359,-77.359663,7.9413295
380,C_380,I,A,USD,false,1,0,1000000,60078.41,,bank_c,Timothy,May,3908 Garcia Curve,Makaylaberg,NY,US,23953,Male,1950-01-12,046-89-2807,-30.381875,3.2296985
381,C_381,I,A,USD,false,1,0,1000000,55215.07,,bank_c,Matthew,Allen,074 Erin Fields Apt. 747,North Mitchellbury,VI,US,80334,Male,1932-03-08,797-50-1575,-85.238096,-21.5076395
382,C_382,I,A,USD,false,1,0,1000000,54161.63,,bank_c,Gregory,Ruiz,82976 Perry Fort Apt. 165,Samanthachester,WV,US,54459,Male,1938-08-03,120-37-5251,101.088591,-75.604599
383,C_383,I,A,USD,false,1,0,1000000,66638.90,,bank_c,Robert,Dixon,43416 Hill Tunnel,East Keithside,AK,US,09785,Male,1940-08-03,158-29-3337,-52.302963,-13.179360
384,C_384,I,A,USD,false,1,0,1000000,89974.17,,bank_c,Chad,Schneider,71072 Wiggins Union,Sampsonmouth,FM,US,61388,Male,1910-08-08,783-26-7132,-63.276590,85.4497465
385,C_385,I,A,USD,false,1,0,1000000,52470.33,,bank_c,Melanie,Flowers,194 Gregory Squares Apt. 631,Brownmouth,MA,US,40900,Female,1981-10-08,248-81-1484,-22.384108,-80.414954
386,C_386,I,A,USD,false,1,0,1000000,72013.41,,bank_c,Jennifer,Sherman,965 Thomas Ville Apt. 679,Port Danielburgh,NJ,US,91680,Female,1935-01-19,425-40-2796,-134.072816,-63.332510
387,C_387,I,A,USD,false,1,0,1000000,56163.63,,bank_c,Lori,Smith,2262 Holly Loaf,East Frank,MN,US,75086,Female,1991-04-02,395-04-6687,-35.999438,-21.815419
388,C_388,I,A,USD,false,1,0,1000000,94462.22,,bank_c,Mary,Lang,38619 William River Suite 060,Jenkinsville,MI,US,28596,Female,1967-02-06,855-23-0586,-143.093401,-39.4349255
